,text
0,"#AZCardinals starting OT @KelvinBeachumJr weighs in on the NFL‚Äôs concussion debate. üèàü§ï

üé•: @theScore https://t.co/BggYeW5ma9"
1,@TwoPoundPunt I had a NFL bet a week or so ago and a player went out with concussion‚Ä¶ they paid out because the res‚Ä¶ https://t.co/84ix80z2zl
2,@EliotShorrParks Pulisic is in concussion protocol. If this was the NFL not a chance he would play on Saturday. In FIFA who knows.
3,Obviously there should be a concussion protocol in football - as there is in rugby and the @NFL #FIFAWorldCup
4,"@princesscouser Hey Raley, Nico had a clash of heads but was allowed to continue for a further 10 minutes before be‚Ä¶ https://t.co/lbRVVBYNpN"
5,@dougleague Happens every week of season  in NFL and college gridiron. Fans in the US is jaded to team conduct. #CTE #TBI #concussion
6,A ton of soccer fans wondering how they're going to concussion-shame NFL fans going forward
7,Soccer goes with the 1980s type NFL concussion rules. I like it.
8,Joe Mixon trending towards a return this week vs Chiefs. Hard to tell with a concussion however. #NFL #FF #DFS @sidelinesport1
9,"@Scienceofsport @aj_d___ Really, you didn't seen this coming after it happened with Tom Savage in the NFL in 2017?‚Ä¶ https://t.co/GpVB2TEXAL"
10,"If you think playing in the NFL is tough, try sneezing so hard you get a concussion and a back strain"
11,@LRiddickESPN Let‚Äôs not act like half the Dolphin fans this year were ready to give up on Tua after he got hurt two‚Ä¶ https://t.co/Sa060XNqr8
12,@NFL_Memes Put that man in concussion protocol!
13,@BrianRKelley70 @Mikeps69_NFL @JackHammer_NFL Tua will have no choice if he gets sacked a couple times and he start‚Ä¶ https://t.co/uoS1FKEyz3
14,@NFL_Memes @90sWWE #75 has entered concussion protocol
15,@barstoolsports the NFL would put that guy in concussion protocolü§£
16,@NFL_Memes Shid wit that concussion he jus got‚Ä¶ he lucky to play again ü§£
17,@rut_2390 @NFL_Stats Tuas missed 4 games worth of game time 3 kissed with concussion half missed against Cincy and‚Ä¶ https://t.co/c0R0lNJCCN
18,I'm very proud that Advocacy for Fairness in Sports played a role in the making of this powerful documentary that e‚Ä¶ https://t.co/Q1QxqyadG3
19,@Lobs_All_Day @JackHammer_NFL Tua gets rattled under pressure? I don‚Äôt think so. The reason he doesn‚Äôt run more is‚Ä¶ https://t.co/xO0vdtNEPW
20,"Matthew Stafford's concussion symptoms improving; Rams don't plan to shut down QB

#concussion #concussionrecovery‚Ä¶ https://t.co/7B8B93nHqX"
21,"NFL News: Rams QB Matthew Stafford (concussion), DT Aaron Donald (ankle) iffy for Week 13 - https://t.co/257foAFwFx https://t.co/GbsJMLAMyG"
22,"Rams QB Matthew Stafford (concussion), DT Aaron Donald (ankle) iffy for Week 13 #LosAngelesRams #LARams #Rams‚Ä¶ https://t.co/c7djP0g2o4"
23,Is it too late for the @NFL to put Hershel Walker under concussion protocol. @GOP @GeorgiaFootball #EEG The signs a‚Ä¶ https://t.co/EVPvEAc3P3
24,Goedert is my Starting TE but he‚Äôs on the IR . Mixon was out with a concussion. @NFL @NFLOfficiating screwed me wit‚Ä¶ https://t.co/9jqKeRacqD
25,@CTownTiLIDie @throwing_picks @PollyPomegrana1 @gabbgoudy @SteeIerNation He doesn‚Äôt have to perennially lose. After‚Ä¶ https://t.co/J0bwP4APDU
26,the more players that come out for the concussion protocol and come right back in. The more I think about how miami‚Ä¶ https://t.co/jYBq2wDNAy
27,"Potential NFL game rigging. 
Brought to you by: upstairs initiated player removal for concussion protocol."
28,NFL concussion spotters actually doing their jobs?! A concept!!!
29,Bucs S Antoine Winfield Jr. being evaluated for another concussion https://t.co/hviHbsXJVa via @thebucswire
30,"Jon Cooper
Herschel Walker says young voters under 30 should shut up or leave the country.

I think they should all‚Ä¶ https://t.co/47ysVpC9qi"
31,"@NFL please check Taylor after that hit, showing common signs of bad concussion. Can‚Äôt believe you missed it. Would‚Ä¶ https://t.co/l3I14tfQ9D"
32,"New article, familiar author
@SICscore 

https://t.co/ImTtTPfpVG"
33,The reason I stop watching that garbage @NBA Bunch of overpaid guys that don‚Äôt play .. meanwhile NFL players playin‚Ä¶ https://t.co/lyM9O63gTm
34,@TurdAndGoalD @TheBustaB lol it will be fine. (It‚Äôs actually a 3 year contract the way it‚Äôs made up) nonetheless yo‚Ä¶ https://t.co/a9tWutsKBT
35,@divinelygenesis The NFL reports that genesis has now entered concussion protocol and will be reevaluated a week later
36,This looks like a concussion. He needs to in protocol @NFL https://t.co/aWhIyNUbwE
37,"Rams QB Matthew Stafford (concussion), DT Aaron Donald (ankle) iffy for Week 13 #MatthewStafford #AaronDonald #NFL‚Ä¶ https://t.co/OU6QuvBMet"
38,"Rams QB Matthew Stafford in concussion protocol, status vs. Cardinals unknown
#Jersey #MLB #NFL #NBA #NHL #NCAA‚Ä¶ https://t.co/Swof5Xnc0H"
39,Why Toronto researchers are questioning the link between the sport and long-term brain damage. From The Walrus arch‚Ä¶ https://t.co/McW9eCo7ka
40,@FOREVERFINO @ButiniMatty @nojumper do you understand what a concussion is? addiction and suicide are certainly rel‚Ä¶ https://t.co/i0xWKz2CCQ
41,Texans' Rex Burkhead placed in concussion protocol #numberFire #NFL #DFS #FanDuel #DraftKings https://t.co/GcTdpG2yLO
42,"And every year at end of year, NFL institutes a new rule that it claims is to cover the bad conduct. And Steelers f‚Ä¶ https://t.co/BaqFjEA7c1"
43,"I made this statement at an NFL concussion symposium a few years back

‚ÄúImo, if you played from pop Warner through‚Ä¶ https://t.co/DRtxlnFkF8"
44,"Rams QB Matthew Stafford remains in concussion protocol, per HC Sean McVay 

https://t.co/5zDQRZKScJ https://t.co/Z9WQ2uwEGN"
45,"A few weeks ago, Kansas City Chiefs player JuJu Smith-Schuster was taken off the field after another player's helme‚Ä¶ https://t.co/Qbn2SBUn8n"
46,"Corey Linsley Lands in concussion protocol

https://t.co/G9zV8tpYUO"
47,Joe Mixon still in the concussion protocol https://t.co/k9hpTn7Duo  #NFL #Bengals
48,Chargers C Corey Linsley placed in concussion protocol.
49,@Tua2Waddle17 @lettyesparza_01 @CoalBayarea @RMos_8Ball You're actually trying to say that he wasn't concussed in t‚Ä¶ https://t.co/xmCqLweIU7
50,The testing for the new #concussion proof helmets is going smashingly for the @NFL https://t.co/I6h2XiiVI9
51,"@hfernandez44 @theffrobot @jrizzob @Ben_Owens4632 @Evanocity @CardsxClips @NFL @FedEx Are you saying Josh Allen, or‚Ä¶ https://t.co/2JT6OMAfDJ"
52,"@FanDuel Chuck Cecil, the human spearfishing operation, the concussion causing King. Cecil was the king of helmet-t‚Ä¶ https://t.co/XioDVGR5EP"
53,"Bengals RB Joe Mixon remains in concussion protocol

https://t.co/5zDQRZKScJ https://t.co/OWFxDxPVzb"
54,"@robreiner What happens when you play 12 yrs in old NFL without concussion protocols as a RB ,
You become a crash d‚Ä¶ https://t.co/hb6yfOFHWr"
55,Bengals' Joe Mixon (concussion) 'trending towards' Week 13 return #numberFire #NFL #DFS #FanDuel #DraftKings https://t.co/d6ImCRbkky
56,@DMacRadio The same NFL that allowed Tua to play after getting a concussion
57,"Joe Mixon, RB (Out): Mixon (concussion) is trending towards playing in Sunday's matchup against the Chiefs, Adam Sc‚Ä¶ https://t.co/gl0o3fJV0P"
58,Bengals' Joe Mixon (concussion) 'trending towards' Week 13 return https://t.co/KF5g05EIYS
59,"Joe Mixon, RB (Out): Coach Zac Taylor said Monday that Mixon remains in concussion protocol but is making progress,‚Ä¶ https://t.co/2RvtqIPlok"
60,"@thequailmane @Underdog__NFL Lol I mean not really, we didn‚Äôt expect this to be a long term thing‚Ä¶. He did more tha‚Ä¶ https://t.co/rgvXJDBrrn"
61,Texans' Rex Burkhead placed in concussion protocol https://t.co/OTUa87OX02
62,Schefter: Joe Mixon (concussion) trending toward playing Week 13.
63,"Joe Mixon Remains in concussion protocol

https://t.co/Ng7Q90viUZ"
64,"Joe Mixon remains in concussion protocol, making progress https://t.co/1tuJCWX9gb via @Koslow_ari #RuleTheJungle"
65,"Joe Mixon remains in the Concussion Protocol per HC Zac Taylor.

#RuleTheJungle https://t.co/oFdDDp348p"
66,Taylor: Joe Mixon remains in concussion protocol https://t.co/UCSP05ApYW
67,"Big Questions with Big John #Podcast

Libertarian radio host Bob Zadek talks sports!

-Libertarians and PEDs
-Purit‚Ä¶ https://t.co/7lYthxgjwj"
68,Every concussion is a new door to a new world. #NFL
69,@BigTeeMan69 @jrizzob @CardsxClips @NFL @FedEx Tua hasn't thrown a INT since the concussion... Maybe your qb should‚Ä¶ https://t.co/yHki3vCjTB
70,"@JoeCassandra Every four years? They don't just go on vacation to Mykonos until the WC. Also, in regards to the NFL‚Ä¶ https://t.co/Ed5FVBkUBH"
71,"Texans RB Rex Burkhead in concussion protocol
https://t.co/2Uq7wrTJXX
#nfl  #texans"
72,"Rex Burkhead, RB (Questionable): Coach Lovie Smith revealed Monday that Burkhead has entered the NFL's five-step co‚Ä¶ https://t.co/dI9PYwuV9Y"
73,Lovie Smith on Eno Benjamin chances to play with Rex Burkhead in concussion protocol. 'If we do need someone to ste‚Ä¶ https://t.co/w5gaqReypk
74,Rex Burkhead placed in concussion protocol.
75,"Lovie Smith on injuries: Christian Kirksey (shoulder), Rex Burkhead (concussion protocol) still being evaluated. De‚Ä¶ https://t.co/CNpze6hXZd"
76,@lettyesparza_01 @CoalBayarea @RMos_8Ball The NFL doctor said it wasn‚Äôt a concussion. Has nothing to do with the Do‚Ä¶ https://t.co/o9BCLKtlZc
77,@WesterTrent @DrSpooky_ER Keep up the good work. Let the NFL know you‚Äôve solved their concussion problems. They will be happy
78,@ZachyistheGOAT @FinsFan2992 @JetsFanNick @uSTADIUM @SF @buf @min @az @lv @tb Teddy should have never been taken ou‚Ä¶ https://t.co/OVmSZKGohP
79,"A.J. Green Now in concussion protocol

https://t.co/GRKbyN7BHG"
80,"Why Odell Beckham Jr. was removed from a plane in Miami over 'medical emergency' https://t.co/6cdvUP2Wsy
Concussion‚Ä¶ https://t.co/sjRIXSysWp"
81,"#Browns HC Kevin Stefanski on Greg Newsome in the NFL concussion protocol:  

He's trending in the right direction‚Ä¶ https://t.co/lucstyzS2o"
82,"@RealCFrampton @talkSPORT @laura_woodsy You ever seen the movie 'concussion' with will smith?

About NFL players bu‚Ä¶ https://t.co/6FryKgweiG"
83,@MarkTauscher65 I think forcing them to come out for one play is fine. Look at college same rules apply. Helmet com‚Ä¶ https://t.co/3UXqpLH507
84,"What if the @NFL does in fact have good concussion protocol measures to identify areas of concern, maybe it speaks‚Ä¶ https://t.co/NcNBwNTPyA"
85,"Forget #CyberMonday, Happy #VictoryMonday! #Dolphins fans, Since Tua Tagovailoa has returned from concussion protoc‚Ä¶ https://t.co/d0eAQvBwDU"
86,"@NickAdamsinUSA Periodic reminder that the @NFL is a league owned by racists, and which hires concussion-addled racists to play its games."
87,@AriesaSandino Walker belongs in a program for NFL concussion victims. Watching him make an ass of himself with his‚Ä¶ https://t.co/mDgKNjH2X5
88,"@NFLonFOX Put‚Äôm in the #NFL #concussion protocol?
#BrainWarriorsWAY 
@ChrisNowinski1 https://t.co/tBxsOG3JFz"
89,"#Texans Christian Harris injures shoulder, Kenyon Green in and out of lineup, Rex Burkhead evaluated for concussion‚Ä¶ https://t.co/7nprUQHYv2"
90,@jemelehill @clarencehilljr While everyone else was worried about what they were worried about‚ÄîI still can‚Äôt believ‚Ä¶ https://t.co/m0PUgS8vVi
91,"Since his concussion and his success thereafter, a lot of NFL media and fans have been huge Tua supporters as it is‚Ä¶ https://t.co/QgoXCdJlFi"
92,affected by sports-related concussions and to raise awareness of the long-term implications of concussive and sub-c‚Ä¶ https://t.co/O4N152mrzI
93,@ShortArmOtheLaw @colin_dunlap The other reason is there is no ‚Äúcoaches union‚Äù to sue the NFL if it were to happen‚Ä¶ https://t.co/BYyeKOKKV7
94,"@michaelharriot Here is how we KNOW. Jerry Jones, as an ADULT, allowed #racenorming into the #NFL concussion settle‚Ä¶ https://t.co/qIVsIfgGQg"
95,"Rams QB Matthew Stafford in concussion protocol
#Jersey #MLB #NFL #NBA #NHL #NCAA #baseball #Americanfootball‚Ä¶ https://t.co/QJyjAm7sMA"
96,@YahooSportsNFL @NFL @gmfb Doesn't Sean Mcvay have to go into concussion protocol now? üòÅ
97,"Jesper Horsted, TE (Questionable): Horsted (concussion) has been ruled out for the remainder of Sunday's game again‚Ä¶ https://t.co/Xc7bcouJaS"
98,"@BigKoleDeezy @Steelersdepot Symtoms mostly are temporary, Neurologist were trying to get the NFL to keep players t‚Ä¶ https://t.co/yLVxZ3wRET"
99,This is one of those concussion helmets NFL players wear in practice https://t.co/YJ0yiH7kBJ
100,"@Tua2Waddle17 Dr. Allen Sills, the NFL‚Äôs Chief Medical Officer, said that under the league‚Äôs amended protocol, Tago‚Ä¶ https://t.co/chnEaxsILF"
101,#NFL wide receiver #OdellBeckhamJr was removed from an LA-bound flight in Miami by police.  A flight attendant trie‚Ä¶ https://t.co/JP80vLlFeu
102,@ian693 @RGIII Imagine Tua doing that. The NFL would have him in concussion protocol for life üòÇ
103,@dwight1989 @NFL @49ers Hope Tua doesn't get a concussion after Bosa sack him twice.
104,"Bradley Roby Getting concussion check

https://t.co/z58vARMpD6"
105,NFL expands program to use sensor-loaded mouthguards to gather head impact data https://t.co/BN0ItWlW8e   #DDFUND https://t.co/CjK0YmuakW
106,BREAKING NEWS‚Ä¶ @Sean_McVay and Matthew Stafford in @nfl concussion protocol together. @RamsNFL will monitor him aft‚Ä¶ https://t.co/pwHhR8jsaq
107,"The fact that Dennis Allen and Josh McDainels still have jobs goes to show that the ""coaches fraternity "" is as big‚Ä¶ https://t.co/95OoZGl9fc"
108,"if the NFL really cared about the players and coaches‚Äô health, Sean McVay should have entered the concussion protoc‚Ä¶ https://t.co/RgewLXO7eL"
109,"Unaware of Stafford's severe injury, as missed last few games. Concussion w/neck issues. Unaware when he can return‚Ä¶ https://t.co/87G5l4D8x4"
110,Fangio went 7-7 'til Teddy Bridgewater suffered a season ending concussion and George Paton replaced him with Natha‚Ä¶ https://t.co/Vtk39yhRlA
111,"@RonFilipkowski How in the world is the NFL ""woke""? Denying Kapernick a place on a team. Denying black head coaches‚Ä¶ https://t.co/UF5gJR4mqj"
112,Another example of the NFL's Concussion Protocols failing. https://t.co/pr0R7ChXlF
113,@BleacherReport @NFL Shouldn‚Äôt he be in concussion protocol?
114,Status alert: Chargers C Corey Linsley (concussion) won't return Sunday.
115,"L'Jarius Sneed Undergoing concussion evaluation

https://t.co/Z4h8TDMdYX"
116,"One has to wonder what their reps would be if Tua never had the concussion‚Ä¶
Tagovailoa, Dolphins rout Texans 30-15‚Ä¶ https://t.co/CfVqsBuEKv"
117,@danielrpopper First center in NFL history to be ruled out with a concussion
118,@RGIII NFL‚Äôs new concussion protocols extend to off the field activities as well now.
119,And with a concussion https://t.co/nw9jj9Ur2K
120,@NFL Should be in concussion protocol. This league just does not care unfortunately. When are we going to learn
121,@NFL All while on a concussion
122,NFL boutta put McVay in concussion protocol
123,The NFL should have had better concussion protocol when Herschel was playing. We are seeing the results today. https://t.co/i805KbLP6U
124,@JomboyMedia The NFL's concussion protocol doesn't seem that sophisticated.
125,@ChadBlue83 @JRsBBQ @JerryLawler üòÖ Did they check him for a concussion NFL Guidelines
126,@NFL put him in concussion protocol https://t.co/7x7rvq6o4n
127,Hey @NFL does concussion protocol apply to coaches or nah? #ouch @RamsNFL @Chiefs https://t.co/ygzVXGgoIb
128,"@maxeysburneracc @NFL_Memes Ur spreading fake news‚Ä¶

There was no diagnosed concussion in the Bills game, according‚Ä¶ https://t.co/Ezm54VvSx5"
129,"HOW IS SEAN MCVAY NOT IN THE NFL'S CONCUSSION PROTOCOL RIGHT NOW? #Rams

@RexChapman https://t.co/TIGBzvQD1m"
130,"#Browns DT Perrion Winfrey sustained concussion from scooter accident 
 
https://t.co/VYoZhhnn1o‚Ä¶ https://t.co/2vozjeJULB"
131,#NFL claims they care about player safety but McVay was not put in the concussion protocol after this play. Bullshi‚Ä¶ https://t.co/HBiUuGt7vI
132,"No Ja‚ÄôMarr Chase (hip).

No Joe Mixon (concussion).

Still no problem for Joe Burrow and the Bengals in a physical‚Ä¶ https://t.co/FnCpx39BTo"
133,"Sean mcvay has been put in concussion protocol, return is questionable #NFL #NFLTwitter #seanmcvay #RamsHouse https://t.co/d2yPtW01HP"
134,Ayeee concussion protocol working in the NFL right there! Marco was clearly shook for a few seconds.
135,Might end up in the @NFL concussion protocol! https://t.co/AlsMvWcXa7
136,@tfordgambles @MySportsUpdate I think paying attention to a potential Head Coaching injury in the middle of a game‚Ä¶ https://t.co/sxmD7h8zwi
137,Sean McVay just became the first NFL Head Coach to go into Concussion Protocol https://t.co/pgZofr9rFr
138,"McVay should be in the concussion protocol.  At least in the tent being evaluated.
#LARvsKC #Rams #RamsHouse #NFL"
139,"Sean McVay should be in the concussion protocol.

#NFL"
140,Does a NFL coach need to leave the game if they show concussion like symptoms?
141,Sean McVay headed to the tent as he now enters the concussion protocol. #rams #nfl https://t.co/ybiCLjnIGp
142,Sean McVay needs to go to the blue tent. Concussion Protocol for sure #NFL @NFL
143,Lovie Smith on Rex Burkhead said he's being evaluated for a concussion
144,"Could Rams' Matthew Stafford retire over concussion fears?
#Jersey #MLB #NFL #NBA #NHL #NCAA #baseball‚Ä¶ https://t.co/RU9Fg9c7P0"
145,"@Papadoc60UFC @NFL_Memes You can be fine after one concussion, but Tua has played football for years at this point‚Ä¶ https://t.co/J3yYGzjOkC"
146,"Tua since coming back from concussion protocol:

11 TD üëÄ
0 INT üëÄ

5-0 Record üëÄ

#NFL #FinsUp https://t.co/DGfc0F78ku"
147,"Matthew Stafford, QB (Out): The Rams are uncertain when Stafford (neck/concussion protocol) will be available to pl‚Ä¶ https://t.co/eg97SBB1rR"
148,@MsChaneski @NFL_DovKleiman @AndySlater He is a concussion less version of antonio brown. Nothing to see there but ego
149,"We heard the booth just make the age-old classic ""sit @Tua bc of concussion history bc the team is up by 30"" commen‚Ä¶ https://t.co/1n5BucdZxb"
150,Buccaneers‚Äô Winfield Jr Being Evaluated for Concussion #TampaBayBuccaneers #Buccaneers #TBBuccaneers #yardbarker https://t.co/iGm0sIh0VE
151,"Also of note: Chris Lammons is out of the NFL's concussion protocol.

Also active are rookie tackle Darian Kinnard‚Ä¶ https://t.co/bmPsMSJw50"
152,"Also of note: Chris Lammons is out of the NFL's concussion protocol.

Also active are rookie tackle Darian Kinnard‚Ä¶ https://t.co/xwnXGkMgsH"
153,"@nflcommish 
@NFL 

new NFL rule proposal - 

IF a QB asks/begs the ref for a flag for a blow to the helmet, he aut‚Ä¶ https://t.co/ETtJCfRbt2"
154,"During halftime. Antoine Winfield Jr must of decided that he no longer has a concussion
#nfl"
155,Bucs S Antoine Winfield Jr. being evaluated for another concussion #BucsFootball #GoBucs #TampaBayBucs #BucsNation‚Ä¶ https://t.co/KSguqPaaBG
156,"Buccaneers‚Äô Winfield Jr Being Evaluated for Concussion
#GoBucs #NFL
https://t.co/qou5HhIWb6"
157,"Bucs S Winfield Jr. being evaluated for concussion
https://t.co/oB7RDXMu1r #NFL"
158,"@JennaLaineESPN This ridiculous, why can't the NFL with there billions of $$ design cushioned helmets that minimize‚Ä¶ https://t.co/as7wmTxzlY"
159,"@TKras This ridiculous, why can't the NFL with there billions of $$ design cushioned helmets that minimize head imp‚Ä¶ https://t.co/ITgWWB7Cyk"
160,"@gregauman This ridiculous, why can't the NFL with there billions of $$ design cushioned helmets that minimize head‚Ä¶ https://t.co/1mE0CPBvgr"
161,The Tampa Bay Buccaneers might have to finish Week 12 without one of their best defenders  https://t.co/n81xBnUvPU
162,"Buccaneers DB Antoine Winfield Jr. being evaluated for concussion vs. Browns

https://t.co/qqAnQ5cbZR https://t.co/ylgj1gC43W"
163,@NFL @JBrissett12 Concussion for Winfield
164,Bucs S Antoine Winfield Jr. being evaluated for another concussion https://t.co/3MMQvxHsiL via @thebucswire
165,Is it me or did Jacoby provide a concussion on Whitfield? Haven‚Äôt seen him back since that pancake ü§∑üèæ https://t.co/FafhM2z1OO
166,Status alert: Bucs S Antoine Winfield Jr. being evaluated for concussion.
167,@TrashTaIkPats @JT_Evans97 @NFL_DovKleiman Lmao beginning of the season in a new system &amp; coming back from a 3 game‚Ä¶ https://t.co/zq15BOq0gg
168,@nflnetwork why is NFL Redzone reporting that QB Kenny Picket has a concussion and will not play against the buccan‚Ä¶ https://t.co/jnxpVpufaR
169,Apparently @kennypickett10 will not return to tomorrow‚Äôs game against the Colts after the concussion suffered today‚Ä¶ https://t.co/gIslXqqiQa
170,Was anyone else watching nfl red zone and the ticker at the bottom said Kenny pickett won‚Äôt return (concussion) vs‚Ä¶ https://t.co/7L4jjsmOeO
171,"Why did NFL REDZONE say ‚ÄúKenny Pickett out with a concussion will not return vs Buccaneers‚Äù

Thought they played th‚Ä¶ https://t.co/RFK4Av6h9E"
172,Why did I just see an old update saying Kenny Pickett won‚Äôt return against Buccaneers (Concussion) on NFL RedZone üòÇ
173,@NFL_Memes @90sWWE That concussion turned him into a perfect quarterback lol
174,@PardonMyTake @JimStamm22 If he did this in the NFL he‚Äôd have to enter the concussion protocol. ü§£
175,"#NFL 
#Bengals have won 4 of its past 5 games &amp; will be without RB Joe Mixon (concussion)
#Titans have won 7 of the‚Ä¶ https://t.co/OVjJepBz3y"
176,"Plus especially with the concussion lawsuits around not just the NHL but the NFL too, and the Tua Tagovailoa situat‚Ä¶ https://t.co/9tQvtsGK0W"
177,#Bears QB Nathan Peterman is 1-3 in four NFL starts. His only win was with the Bills against the Colts in 2017 in t‚Ä¶ https://t.co/lxIvUlWA6I
178,Since #NFL #JerryJones are getting attention. https://t.co/khiS25WzdY
179,@LarrabeeNed @lavender1980 @JackPolakoff @OccupyDemocrats dont think so. i used date old cowboy player. he did not‚Ä¶ https://t.co/sBA3dYMuTj
180,@jccdixon33 @houtz @Hotstover @ian693 @B_Shousejr @finsfan343 @CaptainOfArt @CK_1973 @GhostOfAdamGase @EJFootball‚Ä¶ https://t.co/PM6oAon0QC
181,"@RGIII If he was in the NFL, he‚Äôd go right to concussion protocol"
182,Matthew Stafford‚Äôs concussion symptoms improving; Rams don't plan to shut down QB - https://t.co/KBfeypnlIv‚Ä¶ https://t.co/V1kwXPlBnr
183,@abesaves123 @NFL_Memes Yeah but it‚Äôs not every day you see someone get thrown on their head and stare at their fuc‚Ä¶ https://t.co/hbdE2yCM5D
184,"The messaging behind this story concerns me bc: 1) the notion ""they couldn't ever PROVE"" he had a 2nd concussion (g‚Ä¶ https://t.co/yJ1T4q32j5"
185,@NFL_Memes If Russ gets a concussion the broncos will win out?
186,"That #Browns defense will be without CB Greg Newsome II for the second game due to a concussion. However, Hjalte Fr‚Ä¶ https://t.co/CBW2lqDKi1"
187,Lions CB Jerry Jacobs is in the NFL‚Äôs concussion protocol after Detroit‚Äôs Thanksgiving game against the Bills  https://t.co/2kJMVkAZiG
188,‚ÄúDespite the Rams' 3-7 record and despite Stafford landing in the NFL's concussion protocol for the second time thi‚Ä¶ https://t.co/IGIax8ySEu
189,"Rams don't plan to shut down QB Matthew Stafford for rest of season, per @RapSheet

https://t.co/L6nPMyelXr https://t.co/qgLBpRnbVi"
190,Matthew Stafford's concussion symptoms improving; Rams don't plan to shut down QB https://t.co/L58liW1OWw 6
191,"Matthew Stafford, QB (Out): The Rams are uncertain if Stafford (neck/concussion protocol) will be available to play‚Ä¶ https://t.co/ddCyu5mccJ"
192,"RapSheet: With #Rams QB Matthew Stafford's symptoms improving -- the numbness in his legs has gone away, he is feel‚Ä¶ https://t.co/qOJdQ2rdvJ"
193,"With #Rams QB Matthew Stafford's symptoms improving -- the numbness in his legs has gone away, he is feeling better‚Ä¶ https://t.co/zjLdhA1nrS"
194,Matthew Stafford‚Äôs concussion symptoms improving; Rams don't plan to shut down QB - https://t.co/KBfeypnTy3‚Ä¶ https://t.co/ORzKgYnZPv
195,"With #Rams QB Matthew Stafford's symptoms improving -- the numbness in his legs has gone away, he is feeling better‚Ä¶ https://t.co/dv90jMmpkC"
196,Matthew Stafford's concussion symptoms improving; Rams don't plan to shut down QB - https://t.co/KBfeypnTy3‚Ä¶ https://t.co/0DIG36bsNb
197,"Why Matthew Stafford's neck injury is a bigger concern than his recent placement in concussion protocol

‚è©‚Ä¶ https://t.co/vAellxvWgp"
198,@CherryAnalysts @NFL_Bettor time to feign a concussion üòÇ
199,"RapSheet: With #Rams QB Matthew Stafford's symptoms improving -- the numbness in his legs has gone away, he is feel‚Ä¶ https://t.co/ki7ZiEvqlg"
200,"With #Rams QB Matthew Stafford's symptoms improving -- the numbness in his legs has gone away, he is feeling better‚Ä¶ https://t.co/RxSyUv4nhI"
201,"Matthew Stafford‚Äôs concussion symptoms improving; Rams don't plan to shut down QB, per @RapSheet‚Ä¶ https://t.co/XRNGNvUXKL"
202,@SickosCommittee Concussion protocol in NFL lol
203,@GoatHouseNFL Nfl concussion team running to pull him out of the game to check for a concussion https://t.co/ZhrGcHCyRm
204,#Hope #USA #NFL #BrettFavre helped an experimental drug maker get $2M in #MS #welfare funds Experts doubt it can wo‚Ä¶ https://t.co/hIl9bZaWoh
205,@barstoolsports If he were in the NFL he‚Äôd be placed in concussion protocol after that.
206,"NFL needs definitive concussion test for players, and the race is on https://t.co/BTulegHqqr

#NFLconcusssions‚Ä¶ https://t.co/059Btb1KiM"
207,"@CarrJonathan @TheGregHillShow @WEEI Call me callous, but I think the NFL should take a more transparent, foot down‚Ä¶ https://t.co/CCyaxDbN6g"
208,"@LanceMcAlister @steelers @NFL Whenever I watch a Steelers game, I‚Äôm always amazed at the number of times Steelers‚Ä¶ https://t.co/aIOrIII4s1"
209,"Could Rams' Matthew Stafford retire over concussion fears?
#Jersey #MLB #NFL #NBA #NHL #NCAA #baseball‚Ä¶ https://t.co/DIyNF62uHl"
210,@AroundTheNFL @TomPelissero And the defender that tried giving him a concussion was given half that mich of a fine.‚Ä¶ https://t.co/HsT2NgYyqu
211,"@HarvesterSports @NFL Davante Adams possibly being given a concussion is totally fine, but how dare he hurt that re‚Ä¶ https://t.co/Ac9o3s2g1l"
212,"@Imm_listening @patrickfitzg_o Oh dear another sportperson. That's terribly sad.

Is there a concussion element to‚Ä¶ https://t.co/PqTuunuJ2L"
213,"@LanceMcAlister @steelers @NFL yea we never get fined for anything &lt;eyeroll&gt;.  The NFL deemed that hit nothing, lik‚Ä¶ https://t.co/8DeRjVNACr"
214,@antoniomotgg @danheld 100% of pro NFL players who suffer a concussion while playing football were wearing their he‚Ä¶ https://t.co/5wuLC0bT9g
215,"@RapSheet So pointing cost you $10,000,  giving JuJu a concussion only cost you $6,000!   NFL is so screwed up!!"
216,"@MichaelFarneti @TomPelissero Even in the movie Concussion, they showed how the NFL was trying to intimidate the Dr."
217,@f3rnomenon That‚Äôs gotta be an NFL level concussion then
218,@RottenInDenmark This is the same bs science as the race norming in the nfl concussion case.
219,@Philatty Did the NFL get so bad that all their fans have concussion brain damage too?
220,@MaxxDoutt @jemelehill I mean being that the NFL owners thought Blacks should get less money in concussion aid beca‚Ä¶ https://t.co/P7DSw8DFPL
221,"Bears DB Jaquan Brisker in concussion protocol after leaving Falcons game twice
#Jersey #MLB #NFL #NBA #NHL #NCAA‚Ä¶ https://t.co/ZqnfSN6vEm"
222,@xo_GlenCoco especially for someone who works for nfl network. go worry about the players' concussion issues
223,"Concussion List for NFL Players this season Week 12:

Jaquan Brisker

Kyler Gordom

Sterling Weatherford

Joe Mixon‚Ä¶ https://t.co/Dox9ve49n7"
224,@DaDonCoolio @HashiMacchiato @RevelWriter @salinasmario2 This is hilarious. You wanna know a sport that‚Äôs actually‚Ä¶ https://t.co/DdWI1CAoQO
225,@ItsJustLetterJ @callum0223 @afowler06 Not even that just look at the sheer amounts of suicides and murder suicides‚Ä¶ https://t.co/6wlv5M6IFO
226,@Rams to ask @TDN_Perk in his first @NFL start to perform well above his pay grade with the pricey Matthew Stafford‚Ä¶ https://t.co/wDS2GI7hmF
227,"@Mwharrie95 @CrypticNoHoes NFL is just as physical as rugby, they don‚Äôt have the same tackling laws eg head on head‚Ä¶ https://t.co/gYqMqXiyZg"
228,"@MaadyBK67 It‚Äôs in the pipeline, especially with all the concussion protocols and insurance lawsuits at the youth a‚Ä¶ https://t.co/v7NfOcYMWT"
229,@ClownWorld_ All these people would have been in the @NFL concussion protocol for much less. NFL is dedicated to sa‚Ä¶ https://t.co/Gg1JqJ1w1K
230,Every concussion is a new door to a new world. #NFL
231,"CB Marco Wilson, AZ ST: With Justin Simmons $10,609 each for unsportsmanlike conduct in the NFL's concussion protoc‚Ä¶ https://t.co/R6vm3mdVqI"
232,"""Bengals' Joe Mixon (concussion) ruled out vs. Titans; Ja'Marr Chase (hip) game-time decision -‚Ä¶ https://t.co/LKIuCmPArG"
233,Lions CB Jerry Jacobs is in the NFL‚Äôs concussion protocol after Detroit‚Äôs Thanksgiving game against the Bills  https://t.co/GmaDqbs6nA
234,@FauxJeaux Maybe if the NFL did the responsible thing and suspended him for a few games and donated his game checks‚Ä¶ https://t.co/Xicngje0C1
235,"There is no easy answer to the NFL's concussion issue, but history tells us that they need to find one, and fast! L‚Ä¶ https://t.co/ChAi6ytqVS"
236,@BrandonEffDub @ryanfabig @TSN_Sports We‚Äôre even less removed from the NFL concluding the Dolphins did follow concu‚Ä¶ https://t.co/gm4lXfD7tV
237,Kansas City's JuJu Smith-Schuster (concussion) available in Week 12 #numberFire #NFL #DFS #FanDuel #DraftKings https://t.co/3lu1GTv3Or
238,Bengals rule out Mixon vs. Titans with concussion #ESPN #NFL https://t.co/cLw9X1Rqxy
239,NFL News: Chiefs WR JuJu Smith-Schuster (concussion) returning vs. Rams - https://t.co/KguC20AC0o https://t.co/dZsQ7YPaLV
240,"Sterling Weatherford Ruled out with concussion

https://t.co/P3Ptab8ulj"
241,Concussion and the 1972 Miami Dolphins: A legacy of fighting | Miami Herald.  üôè  https://t.co/1szuS4NtM1
242,"Hunter Long Clears concussion protocol

https://t.co/8qYxQ7Nekv"
243,@cmikesspinmove I mean the concussion came from trying to treat nfl tacklers like they were still in the mid-Americ‚Ä¶ https://t.co/PMnTibJtQN
244,Chiefs' Smith-Schuster to return vs. Rams https://t.co/CjF47gODTj https://t.co/WtDQSs8ZsP
245,"#Podcast: Big Questions with Big John

Libertarian radio host Bob Zadek talks sports!

-Libertarians and PEDs
-Puri‚Ä¶ https://t.co/MZ2HPRSHWn"
246,If you get a concussion league should make you miss at least 3 weeks of NFL play.
247,Bengals RB Joe Mixon (concussion) ruled out vs. Titans; WR Ja'Marr Chase (hip) game-time decision https://t.co/KTRcWJg0Qe
248,Bengals RB Joe Mixon (concussion) ruled out vs. Titans; WR Ja'Marr Chase (hip) game-time decision https://t.co/Rr47uYAnep
249,Chiefs' Smith-Schuster to return vs. Rams #ESPN #NFL https://t.co/diCEX9NWj3
250,"Matthew Stafford Concussion: NFLPA Investigating Rams QB‚Äôs Status https://t.co/TZVvSk1eGU 

#MatthewStafford  #NFLconcussion  #NFLprotocols"
251,@HamlinNascar @DGIveyNASCARFan @GoldBlooded79 The fact that all cars burn more gas at higher speeds is irrelevant.‚Ä¶ https://t.co/uVX82dg4sl
252,Cleveland Browns cornerback Greg Newsome II out against Tampa Bay Buccaneers with concussion #TampaBayBuccaneers‚Ä¶ https://t.co/dUTQd2sGnq
253,There is no downside to it. Hard to suspend in the case of a concussion/tear. https://t.co/gPq8DsPgvK
254,Rookie Martin Emerson Jr. will make his second straight start in place of Newsome. https://t.co/9JgZGvqmSX
255,"Rams QB Matthew Stafford in concussion protocol, status vs. Cardinals unknown
#Jersey #MLB #NFL #NBA #NHL #NCAA‚Ä¶ https://t.co/98GzhuKZVM"
256,Cleveland Browns cornerback Greg Newsome II out against Tampa Bay Buccaneers with concussion #TampaBayBuccaneers‚Ä¶ https://t.co/FBWVSLdYhu
257,NFL  üèà Chiefs' Smith-Schuster to return vs. Rams https://t.co/b6273yc9AT ‚ñ∫  https://t.co/0I4IIfDtKQ  ‚àö https://t.co/qqhpWtk949
258,"Chiefs WR JuJu Smith-Schuster (concussion) returning vs. Rams  #NFL
 #RamsNFL #LARams #chiefs #ChiefsKingdom  https://t.co/MbpNNhj0dz"
259,"Last season, Matthew Stafford was the darling of the NFL, and now the vicious hits he has endured have him in concu‚Ä¶ https://t.co/Yex1HNWSHW"
260,Chiefs' Smith-Schuster to return vs. Rams #LosAngelesRams #LARams #Rams #RamsFootball #yahoo https://t.co/9QEzl5SYwH
261,Lions CB Jerry Jacobs is in the NFL‚Äôs concussion protocol after Detroit‚Äôs Thanksgiving game against the Bills  https://t.co/liKmpXkdj4
262,@MomsWhatsapp NFL. I‚Äôll take a concussion over a lifetime of stds
263,"Via ESPN - #ESPN #NFL #FantasyFootball ""Chiefs' Smith-Schuster to return vs. Rams"" https://t.co/5JFbcQfhMi"
264,JuJu Smith-Schuster (concussion) to return on Sunday https://t.co/KjeT8oGPNH via @Tan_Dursky #ChiefsKingdom
265,Wide receiver JuJu Smith-Schuster is set to return to action against the LA Rams after not playing in Week 11 becau‚Ä¶ https://t.co/B6IRs5gR7f
266,Chiefs' Smith-Schuster to return vs. Rams #LosAngeles #Chargers #NFL https://t.co/Mn5efH7tld
267,Chiefs' Smith-Schuster to return vs. Rams #KansasCity #Chiefs #NFL https://t.co/7wfzjw3mpD
268,"""Chiefs' Smith-Schuster to return vs. Rams"" https://t.co/dnscWIZVBl via @ESPN #NFL #ESPN #NFLNews"
269,"#Buccaneers RB Leonard Fournette is doubtful for the #Browns game, update on Vita Vea too 

https://t.co/RypxW9Br17 https://t.co/uryOlBGINO"
270,#Bears ruled out S Kyler Gordon for Sunday vs. the #Jets with a concussion. #NFL #DaBears
271,"Cincinnati Bengals running back Joe Mixon won't be available Sunday against the Tennessee Titans.

 Mixon left the‚Ä¶ https://t.co/kAg3H97pnx"
272,Kansas City's JuJu Smith-Schuster (concussion) available in Week 12 https://t.co/7TaQ9Zbjhg
273,Wide receiver JuJu Smith-Schuster is set to return to action against the LA Rams after not playing in Week 11 becau‚Ä¶ https://t.co/qYUkyDqklH
274,Wide receiver JuJu Smith-Schuster is set to return to action against the LA Rams after not playing in Week 11 becau‚Ä¶ https://t.co/gdd5DD68cB
275,The Bengals running back had been in the concussion protocol all week. https://t.co/ZLlj5cCHwg
276,#Browns CB Newsome II out against Buccaneers with concussion (from @AP) https://t.co/SqYtIUP7NR
277,"Via ESPN - #ESPN #NFL #FantasyFootball ""Bengals rule out Mixon vs. Titans with concussion"" https://t.co/3XJsfBkM2r"
278,#Bears ruled out S Jaquan Brisker for Sunday vs. the #Jets with a concussion. #NFL #DaBears
279,Greg Newsome Ruled out Second Straight Game With Concussion #BrownsFootball #Browns #DawgPound #WeBarkTogether‚Ä¶ https://t.co/AHyGKC8cnw
280,Bengals rule out Mixon vs. Titans with concussion #Tennessee #Titans #NFL https://t.co/zc9zzjD1Vj
281,Bengals rule out Mixon vs. Titans with concussion #Cincinnati #Bengals #NFL https://t.co/92chrIKFy1
282,"""Bengals rule out Mixon vs. Titans with concussion"" https://t.co/XvGAmb2bD6 via @ESPN #NFL #ESPN #NFLNews"
283,Mike Vrabel said Ben Jones has not cleared concussion protocol but hopes he'll be cleared today. #Titans
284,Bengals' Joe Mixon (concussion) ruled out vs. Titans; Ja'Marr Chase (hip) game-time decision #CBSSports #NFL https://t.co/4TnQjc5kGD
285,Bengals rule out Mixon vs. Titans with concussion https://t.co/b7HqHoHGFU https://t.co/G4y3wuaIL0
286,NFL  üèà Bengals rule out Mixon vs. Titans with concussion https://t.co/Epe2G2t7eZ ‚ñ∫  https://t.co/0I4IIfDtKQ  ‚àö https://t.co/CaVr4iAPH0
287,https://t.co/Ic2c3WGBKv Bengals rule out Mixon vs. Titans with concussion https://t.co/CEDVK1M3PQ  ‚ñ∂Ô∏è‚Ä¶ https://t.co/fFkoH02BHT
288,Bengals rule out Mixon vs. Titans with concussion https://t.co/HJXya6BnCA https://t.co/OqJVIgUXnK
289,"@null Bengals rule out Mixon vs. Titans with concussion Bengals RB Joe Mixon, who suff  https://t.co/P27bncvGBy"
290,"@null Bengals rule out Mixon vs. Titans with concussion Bengals RB Joe Mixon, who suff  https://t.co/ZAZekrqnp9"
291,"RapSheet: From NFL Now: The #Bengals won't have RB Joe Mixon (concussion) on Sunday, while WR Ja'Marr Chase (hip) i‚Ä¶ https://t.co/808O6MVCu5"
292,Cincinnati's Joe Mixon (concussion) out in Week 12 #numberFire #NFL #DFS #FanDuel #DraftKings https://t.co/6g3Ly3LXik
293,"From NFL Now: The #Bengals won't have RB Joe Mixon (concussion) on Sunday, while WR Ja'Marr Chase (hip) is question‚Ä¶ https://t.co/lkL7ElKzUT"
294,KCC WR JuJu Smith-Schuster (concussion) will be available to play Week 12. https://t.co/cMM8Hi5lcM
295,JuJu Smith-Schuster (concussion) will be available to play Week 12. https://t.co/Ie9XAHquUO
296,JuJu (concussion) good to go for Week 12 vs. Rams https://t.co/QWll9upErE
297,"NFL LINEUP ALERT: Chiefs WR JuJu Smith-Schuster (concussion) will be available for Week 12 vs. the Rams, per Andy R‚Ä¶ https://t.co/aQsRvKD135"
298,"From NFL Now: The #Bengals won't have RB Joe Mixon (concussion) on Sunday, while WR Ja'Marr Chase (hip) is question‚Ä¶ https://t.co/9VvTfsVyCI"
299,JuJu Smith-Schuster (concussion protocol) will play Week 12.
300,Cincinnati's Joe Mixon (concussion) out in Week 12 https://t.co/i74rO33AL7
301,Bengals RB Joe Mixon (concussion) won't play Sunday #CincinnatiBengals #Bengals #BengalsFootball #yardbarker https://t.co/5fFTQQj5X8
302,CIN RB Joe Mixon (concussion) has been ruled out Week 12. https://t.co/cMM8HimW4k
303,"Bengals RB Joe Mixon (concussion) won't play Sunday #JoeMixon #JaMarrChase #NFL
 #Bengals #WHODEY  https://t.co/DIdtbQcrEx"
304,Joe Mixon (concussion) has been ruled out Week 12. https://t.co/dZavJBgkvT
305,@tbagdippin @MylesTkuehn @Evan_Flood Abby was a great guy with lots of talent. Just had concussion issues like Borl‚Ä¶ https://t.co/b93BxSIaNC
306,"RapSheet: From NFL Now: The #Bengals won't have RB Joe Mixon (concussion) on Sunday, while WR Ja'Marr Chase (hip) i‚Ä¶ https://t.co/GUn5zAX6ly"
307,NFL News: Bengals RB Joe Mixon (concussion) won't play Sunday - https://t.co/0ywHd3js3Y https://t.co/yVhyaxfzQV
308,"From NFL Now: The #Bengals won't have RB Joe Mixon (concussion) on Sunday, while WR Ja'Marr Chase (hip) is question‚Ä¶ https://t.co/4S0GNCFVGG"
309,"The #Browns defense will have to roll out against the #Buccaneers without CB Greg Newsome II this weekend 

https://t.co/RypxW9Br17"
310,Bengals' Joe Mixon (concussion) ruled out vs. Titans; Ja'Marr Chase (hip) game-time decision https://t.co/Qk6yd4LQoy
311,Bengals coach Zac Taylor told reporters on Friday that running back Joe Mixon will miss Sunday‚Äôs pivotal AFC game a‚Ä¶ https://t.co/t8BuuYKkkE
312,Bengals RB Joe Mixon (concussion) ruled out vs. Titans; WR Ja'Marr Chase (hip) game-time decision‚Ä¶ https://t.co/lrKJyFk2lI
313,"Joe Mixon, RB (Out): Coach Zac Taylor noted Friday that Mixon (concussion) won't play Sunday against the Titans, Ge‚Ä¶ https://t.co/xMBn2zHo91"
314,Joe Mixon (concussion) ruled out for Week 12 https://t.co/lfyEMSvKvE via @Tan_Dursky #RuleTheJungle
315,"Joe Mixon, RB (Out): Mixon (concussion) wasn't spotted during the media-access portion of Friday's practice, Ben Ba‚Ä¶ https://t.co/8KLycasjmF"
316,Joe Mixon (concussion) won't play against Titans https://t.co/zKy3syRvVv
317,"NFL INJURY ALERT: Bengals RB Joe Mixon (concussion) has been ruled out for Week 12 vs. the Titans, per Zac Taylor.‚Ä¶ https://t.co/QzinTjH3JH"
318,"@JumpScare237 @guudvibesssonly @NFL Any QB can get a concussion, I agree, but when your talking about the MVP? You‚Ä¶ https://t.co/CG3KPZt8qg"
319,The Cincinnati Bengals have ruled out RB Joe Mixon for Sunday vs. the Titans due to his concussion.
320,#Bengals ruled out RB Joe Mixon for Sunday vs. the #Titans with a concussion. Samaje Perine will get the start. #NFL #RuleTheJungle
321,Joe Mixon (concussion protocol) ruled out for Week 12.
322,Joe Mixon (concussion) absent again on Friday https://t.co/44EqaLxXf0 via @Tan_Dursky #RuleTheJungle
323,"Joe Mixon, RB (Questionable): Mixon (concussion) wasn't spotted during the media-access portion of Friday's practic‚Ä¶ https://t.co/LRee7Qus3m"
324,Joe Mixon (concussion) not seen at Friday practice https://t.co/Lw87oXHbNW
325,Joe Mixon (concussion protocol) not seen participating in practice Friday.
326,@JamesAyotteFF @WyattB_FF Playing the other RB in a tandem in your Flex instead of some PPR dependent reach during‚Ä¶ https://t.co/R04fwqlDeu
327,"@CAM21251 @JamesCh19218988 @jakejustice12 @BioshockLGP Mitch's college career mimmic his NFL Career.  Bad start, ou‚Ä¶ https://t.co/PPeyXKQRrF"
328,"Brett Favre allegedly urged Mississippi's Governor to support unproven concussion treatment

I'm not shocked by thi‚Ä¶ https://t.co/x5vaWWU2Vc"
329,If this was the NFL the guy who just scored with a brilliant (soccer word) header for Qatar would now go into concussion protocol.
330,"Rams still evaluating Matthew Stafford; QB not in concussion protocol

#concussion #concussionrecovery #tbi‚Ä¶ https://t.co/3Ig0Ob6E9s"
331,@DescendingV @guudvibesssonly @NFL It‚Äôs how they match up stat for stat if they played the same amount of games. Co‚Ä¶ https://t.co/NSaoYBAEjy
332,"Matthew Stafford lands in concussion protocol again
#Jersey #MLB #NFL #NBA #NHL #NCAA #baseball #Americanfootball‚Ä¶ https://t.co/dRWOyrdafa"
333,"Matthew Stafford lands in concussion protocol again
#Jersey #MLB #NFL #NBA #NHL #NCAA #baseball #Americanfootball‚Ä¶ https://t.co/E6MX3sKGAo"
334,"@greenhellfran @elonmusk Your QB set back the NFL for years. Now, it's going to be bitch made like lemonade with co‚Ä¶ https://t.co/avE8deHCRd"
335,@nickcat7 Have a look into hiq on the asx ( it‚Äôs a company which is working with sports concussion ) with the way t‚Ä¶ https://t.co/0yQiDd3nPQ
336,should have been a personal foul targeting the head on the punter there- the nfl needs to get serious about concussion safety
337,@NFL Adam Thielen needs to be checked out in the concussion tent after that. #MNF
338,Wtf!! Jacoby Meyers legit stumbled and looked pretty confused when he got up and he is back in the game!! So much f‚Ä¶ https://t.co/BfnT72YKqM
339,@whoquinis__ she gotta go through nfl concussion protocol somethin ain‚Äôt right
340,@Patriots Softer than Anthony Davis. Pathetic. NFL is also ridiculously soft w their CoNcUsSiOn protocol BS.. these‚Ä¶ https://t.co/hwZbgWsI32
341,@VPoker5 @NFL He‚Äôs going in for X rays lol. Typically not something you do when you get a concussion buddy
342,@Underdog__NFL exactly it was his shoulder like i said ... man everyone thinks everything is a concussion ... it's‚Ä¶ https://t.co/FHAtI9gdTj
343,Jakobi Meyers out with Concussion on an ordinary play. Keep saying you are concerned about head injuries @NFL while‚Ä¶ https://t.co/0na6x3y2oM
344,"Could Rams' Matthew Stafford retire over concussion fears?
#Jersey #MLB #NFL #NBA #NHL #NCAA #baseball‚Ä¶ https://t.co/XEhmI0Q1r7"
345,"Bears DB Jaquan Brisker in concussion protocol after leaving Falcons game twice
#Jersey #MLB #NFL #NBA #NHL #NCAA‚Ä¶ https://t.co/saZ5pJzStj"
346,@schadjoe Your tweet was quoted in an article by Essentially Sports https://t.co/jqT7E56pkW
347,"Cor'Dale Flott Ruled out with concussion

https://t.co/BGl76GHvqu"
348,"Giants CB Cor'Dale Flott ruled out vs. Cowboys with concussion

https://t.co/bMtlBfnFUR https://t.co/021N7dOYUn"
349,"Matthew Stafford Concussion: NFLPA Investigating Rams QB‚Äôs Status https://t.co/hYWfMAYZ6X 

#MatthewStafford  #NFLconcussion  #NFLprotocols"
350,NFL had a concussion problem &amp; now has a torn ACL problem from turf. The NFL is a pandering for profit company that‚Ä¶ https://t.co/TS94qNCRh4
351,@backbone5 @ethanday50 @NFL @JoshAllenQB @CrownRoyal Tua beat you with a concussion lmao
352,Joe Mixon (concussion protocol) did not practice Thursday. https://t.co/xSUwqE8t4H
353,Joe Mixon (concussion) DNP for Bengals on Thursday #numberFire #NFL #DFS #FanDuel #DraftKings https://t.co/jJ80cMEIa2
354,Joe Mixon (concussion) absent from practice Thursday  https://t.co/LI8nOwFbVi
355,Joe Mixon (concussion) absent from practice Thursday  https://t.co/6YvN49c1Av via @jesseg628 #RuleTheJungle
356,@jasonrmcintyre Amazing goal! But defenders need start wearing mouthpieces &amp; stick heads defiantly in path of ball‚Ä¶ https://t.co/10YKFyUb1w
357,"Joe Mixon, RB (Questionable): Mixon (concussion) remained sidelined at practice Thursday. #nfl #injuries #espn"
358,Joe Mixon (concussion) DNP for Bengals on Thursday https://t.co/VpH0s0Vrtw
359,Bengals RB Joe Mixon remains in concussion protocol https://t.co/2C7SHvDsFs #NFL #fantasyfootball
360,Joe Mixon (concussion) remains sidelined Thursday https://t.co/6GeWaYazUc https://t.co/Ig9WQX6tmT
361,Joe Mixon (concussion) remains sidelined Thursday https://t.co/lz0j4xzl4f
362,"Tua Tagovailoa was ""belittled"" as NFL star praised after concussion and retirement fears #SmartNews  https://t.co/z3OWK1BxqX"
363,Joe Mixon (concussion protocol) doesn't practice Thursday.
364,Why did they not take Diggs helmet and evaluate him for a concussion? Will the NFL never learn?
365,"Rookie safety Jaquan Brisker wound up in the NFL‚Äôs concussion protocol following the Bears' loss in Atlanta.

Brisk‚Ä¶ https://t.co/GaBwaWVkRE"
366,JuJu Smith-Schuster (concussion protocol) fully practices again Thursday.
367,Rams' Matthew Stafford won't play against Chiefs but not because of concussion #LosAngelesRams #LARams #Rams‚Ä¶ https://t.co/Tywd77rzJx
368,"Stafford is in concussion protocol but mcvay says he doesnt have a concussion, then y is he in the protocol? @nfl j‚Ä¶ https://t.co/I2G1yc7m7A"
369,Joseph @Lions should be in concussion protocol!! The @NFL not watching!!!
370,Head coach Sean McVay announced that Stafford will not play due to a neck injury as Stafford is still currently in‚Ä¶ https://t.co/NnNoCFPtUd
371,The NFL's concussion testing policy is in need of a fix. https://t.co/LIWIlE4yCR
372,"uBet Mobile - 18+ BeGambleAware Latest: NFL Needs Definitive Concussion Test For Players, And The Race Is On ‚Äì‚Ä¶ https://t.co/FUUkLJRGQx"
373,"Tua Tagovailoa was ""belittled"" as NFL star praised after concussion and retirement fears https://t.co/UXIRYqsKrp"
374,@BraizeRage22 @Graham_Couch lol---no proof of injuries; Gemon had a supposed concussion but was quickly cleared to‚Ä¶ https://t.co/rl9X2s78su
375,USA THANKSGIVING DAY NFL PREVIEW (Part III) Today's UPSET SPECIAL=DETROIT LIONS(+ 9.5)2keep their game vs high ridi‚Ä¶ https://t.co/19Iv1mwRFR
376,Bears DB Jaquan Brisker in concussion protocol after leaving Falcons game twice #Yardbarker #NFL https://t.co/FjKOKnM85j
377,@MobHoops @ttwentyman Its ok it's just nfl new concussion protocol he's fine he will be back next week vs the jags
378,Bears DB Jaquan Brisker in concussion protocol after leaving Falcons game twice #MiamiDolphins #Dolphins #Miami‚Ä¶ https://t.co/XAJNDOiZBO
379,Bears DB Jaquan Brisker in concussion protocol after leaving Falcons game twice #Bears #ChicagoBears #BearsNation‚Ä¶ https://t.co/0UgIULB0Tl
380,"Wednesday's NFL: Rams QB Stafford back in concussion protocol, out Sunday https://t.co/ijCJ7wista"
381,"@NFL is this the kind of person you want in your Hall of Fame?

https://t.co/BLGEOYYqui"
382,@darrell1118 @FoxNews No Last year or the year before the NFL had a policy in place that determined that Blacks sho‚Ä¶ https://t.co/5kE0ymMvvY
383,"Poly NFL Player Tua Tagovailoa explains the differences between Mike McDaniel and his previous coaches, what it was‚Ä¶ https://t.co/vQ077eSA5y"
384,Lions add Jonah Jackson (concussion) to injury report #BuffaloBills #Buffalo #GoBills #BillsNation #yahoo https://t.co/fMXLFK5OJj
385,Rams' Matthew Stafford won't play against Chiefs but not because of concussion #NewOrleansSaints #Saints #Nola‚Ä¶ https://t.co/WVohFEQHNa
386,"@ifightbacktoo @gehrig38 https://t.co/MtBqKkpOPM

I refuse to believe u

It‚Äôs not like the NFL said white players h‚Ä¶ https://t.co/lXfBiLzvka"
387,"üö®Rams QB Matthew Stafford in concussion protocol, ruled out vs. Chiefs

https://t.co/cmeddOFDTr #NFL #NFLTwitter‚Ä¶ https://t.co/MRYV3dtt1h"
388,Bears rookie safety Jaquan Brisker is in the NFL‚Äôs concussion protocol following Sunday‚Äôs loss in Atlanta after twi‚Ä¶ https://t.co/7JjjQ0yJbB
389,"Rams QB Stafford back in concussion protocol, out Sunday #LosAngelesRams #LARams #Rams #RamsFootball #yahoo https://t.co/18FahMB7oc"
390,@anwhite98 @ArlanKels @NFL_DovKleiman He didn‚Äôt have a concussion. He has a neck strain
391,Joe Mixon Suffers Concussion Vs. Steelers https://t.co/UhRYJTW3UM via @CBSSports
392,It was sad how long it took the NFL to acknowledge and take steps towards CTE/concussion awareness (they still have‚Ä¶ https://t.co/P56XXEyMoT
393,Rams BREAKING: Matthew Stafford OUT vs. Mahomes' Chiefs with Concussion and Neck Issues #RamsNation #RamsHouse‚Ä¶ https://t.co/P78JuIunGC
394,"Matthew Stafford Concussion: NFLPA Investigating Rams QB‚Äôs Status https://t.co/jXpBP0sG8g 

#MatthewStafford  #NFLconcussion  #NFLprotocols"
395,"@AlbertBreer When we look back 30 years from now, people will think the NFL's concussion protocol was criminal. The‚Ä¶ https://t.co/Ts3g7os8Ex"
396,"#Bengals WR Ja'Marr Chase returned to practice on Wednesday, but conflicting answers on if he will play or not this‚Ä¶ https://t.co/pFCZt2ZKcp"
397,"Wednesday's NFL: Rams QB Stafford back in concussion protocol, out Sunday https://t.co/lTlmc8U79u"
398,"Hunter Long, TE (Questionable): Long (concussion) logged a full practice session Wednesday, David Furones of the So‚Ä¶ https://t.co/RKW1zRWGwh"
399,Chiefs' JuJu Smith-Schuster (concussion) logs full practice on Wednesday #numberFire #NFL #DFS #FanDuel #DraftKin... https://t.co/IleFNoCiFF
400,Chiefs' JuJu Smith-Schuster (concussion) logs full practice on Wednesday https://t.co/vK5nAo28hj
401,"Patriots Vikings preview is now live on @MediaTDT. Minnesota enters this one off a 40-3 loss, losing LT Christian D‚Ä¶ https://t.co/qfZuX7tKba"
402,JuJu (concussion) opens with a full practice Wed. https://t.co/mi8Ulvda0g
403,Joe Mixon (concussion) does not practice Wednesday  https://t.co/zsCoe985w7
404,Chicago Bears rookie safety Jaquan Brisker is in the NFL‚Äôs concussion protocol following Sunday‚Äôs loss in Atlanta. https://t.co/OY8tS3RVbN
405,"JuJu Smith-Schuster, WR (Questionable): Smith-Schuster (concussion) was a full practice participant Wednesday. #nfl #injuries #espn"
406,"Bout to be a wrap. üòÖ 

 https://t.co/sBh3NCXu8M"
407,Rams rule Matthew Stafford out for Week 12 vs. Chiefs as QB is still in concussion protocol https://t.co/ChHA4We4vk
408,@trevormccue And you really think NFL GMs are gonna look at him and be like ‚Äúkid can absolutely play. He‚Äôs a stud.‚Ä¶ https://t.co/g4ZEYB6FHx
409,"@deleted_aj @FreakAthlete2 @snowboarder1224 @NFL_DovKleiman @KelseyLConway Yes, but from the start of his injury th‚Ä¶ https://t.co/6tTnqjUytL"
410,"Rams QB Matthew Stafford (concussion protocol, neck) ruled out for Week 12. https://t.co/dsZvBVLNRn https://t.co/qTziQjAItQ"
411,"Rams QB Matthew Stafford (concussion protocol, neck) ruled out for Week 12. https://t.co/xHc10xOQLv"
412,How the #NFL is using the #QCollar as a means to curb #concussion impact: https://t.co/BqQOekYVTv #football‚Ä¶ https://t.co/CYiY78mNvT
413,"#Rams BREAKING: Matthew Stafford OUT vs. Mahomes' Chiefs with Concussion and Neck Issues 

#RamsHouse

https://t.co/iKJox2DLtz"
414,Stafford (concussion) will not practice Wednesday https://t.co/RQrF46qJ9A
415,"Joe Mixon, RB (Questionable): Mixon (concussion) didn't practice Wednesday, Adam Schefter of ESPN reports. #nfl #injuries #espn"
416,"Matthew Stafford out vs. Chiefs with 'neck issue,' is also in concussion protocol https://t.co/ufeIiyLC3M  #NFL #Rams"
417,"@NFL Def not Hurts or Tua or Josh don‚Äôt know why they on here. 

Hurts got the easiest schedule in the league with‚Ä¶ https://t.co/luvPAIomob"
418,Joe Mixon (concussion) does not practice Wednesday  https://t.co/vOHmordhOh via @jesseg628 #RuleTheJungle
419,"Matthew Stafford out vs. Chiefs with ‚Äòneck issue,‚Äô is also in concussion protocol #YahooSports #NFL https://t.co/PDA9bL3xbJ"
420,LAR QB Matthew Stafford (concussion) has been ruled out Week 12. https://t.co/cMM8Hi5T2k
421,Matthew Stafford (concussion) has been ruled out Week 12. https://t.co/GN9IYT2hsO
422,#Rams have ruled out QB Matthew Stafford for Sunday vs. the #Chiefs with a concussion / neck injury. Bryce Perkins‚Ä¶ https://t.co/hyCda6A5t6
423,"Matthew Stafford (concussion protocol, neck) ruled out for Week 12."
424,CIN RB Joe Mixon (concussion) did not practice Wednesday. https://t.co/cMM8HimW4k
425,Joe Mixon (concussion) did not practice Wednesday. https://t.co/0DQOpRi3sa
426,Commanders QB Taylor Heinicke and Falcons WR coach TJ Yates share a unique connection. Heinicke took his first NFL‚Ä¶ https://t.co/R1mTAdhP1j
427,"Not only is Tua Tagovailoa 1 of 2 top QB‚Äôs in the NFL, he‚Äôs the most mentally tough athletes there is! From the hip‚Ä¶ https://t.co/JaFUNE1Nwk"
428,Joe Mixon (concussion protocol) doesn't practice Wednesday.
429,"@TDavenport_NFL Even though we can always use him on the field, the one week concussion protocol probably gave him‚Ä¶ https://t.co/7nlZ7vdAWN"
430,"Bills-Lions injury report: CB Jeff Okudah ruled out with concussion

https://t.co/PftfSPBdmk https://t.co/Z7LMVZLpJD"
431,"I‚Äôm OUT on ALL of the Los Angeles Rams RBs. Please don‚Äôt waste your waiver pick on one of them.

‚Ä¢ Stafford hurt (c‚Ä¶ https://t.co/BKwDAF50pR"
432,Bears rookie safety Jaquan Brisker is in the NFL‚Äôs concussion protocol following Sunday‚Äôs loss in Atlanta after twi‚Ä¶ https://t.co/qnqr2GED2s
433,"Kyler Gordon In concussion protocol

https://t.co/IJN4OXn0S0"
434,"@BearsPR * Concussion Protocol üö©üö©Any wierd sign or irregularities, NFL has implemented the rule;
Pull the player of‚Ä¶ https://t.co/bWlmnTg9Bf"
435,@GreekOrthodoxTV @brett_girth @In_Otter_Words @LegendaryEnergy That‚Äôs not the counterfactual because players are fa‚Ä¶ https://t.co/YtliNwp9jM
436,Chiefs WR JuJu Smith-Schuster a step closer to being cleared from concussion protocol https://t.co/Xyiw1woOif
437,@jacburden7 @brett_girth @In_Otter_Words @LegendaryEnergy There was a lower concussion rate in football before the‚Ä¶ https://t.co/io0h0ixAW3
438,@leyton0011 @Richard99366022 @RonSwanson145 @URCOfficial Whats interesting to me is the full contact training sessi‚Ä¶ https://t.co/Na3UHPFZbc
439,"Update For Joe Mixon

'In concussion protocol'

New Snaps Prediction = 1
Playing Prediction = 49%
#JoeMixon #nfl #Bengals #NFLTwitter"
440,"JuJu Smith-Schuster, WR (Questionable): Smith-Schuster (concussion) is slated to practice Wednesday, Herbie Teope o‚Ä¶ https://t.co/GVo8EQFQBm"
441,Bengals RB Joe Mixon still in concussion protocol. #NFL #FF #DFS @sidelinesport1
442,"Joe Mixon In concussion protocol

https://t.co/cFWTnbzCKu"
443,"Joe Mixon, RB (Questionable): Mixon remains in the NFL's concussion protocol ahead of Wednesday's practice, Ben Bab‚Ä¶ https://t.co/HY6wkDsM0q"
444,Zac Taylor: Mixon is still in concussion protocol https://t.co/SgK6WvH7uJ
445,Joe Mixon remains in concussion protocol https://t.co/9NTYibHNIM via @jesseg628 #RuleTheJungle
446,"Bengals RB Joe Mixon is still in concussion protocol per @Ben_Baby 

Neither Mixon nor Samaje Perine stock has chan‚Ä¶ https://t.co/luklMXmbM5"
447,JuJu Smith-Schuster (concussion protocol) scheduled to practice Wednesday.
448,"Check out this story by Matthew Wynn '23 (@MatthewRWynn), which looks at the NFL‚Äôs history of concussion failure af‚Ä¶ https://t.co/wlm8WGlmZA"
449,Bengals RB Mixon suffers concussion vs. Steelers https://t.co/HJROp67yjl
450,@ElHijoDeMax @IngasPingas @WrestleFeatures @slate_s42 And mind you he called out the doctor because he had been a p‚Ä¶ https://t.co/EGXmR9PL0n
451,"Matthew Stafford Concussion: NFLPA Investigating Rams QB‚Äôs Status https://t.co/FF51fGUK5i 

#MatthewStafford  #NFLconcussion  #NFLprotocols"
452,@patriottakes Curious‚Ä¶has Herschel Walker filed a claim with the NFL Concussion Settlement Program?
453,@spencerc7189 @AdamSchefter Jamar Chase (hip) will practice this week to see his availability. He must register at‚Ä¶ https://t.co/LPxDLUCQgl
454,"#ZyonMcCollum - #TampaBayBuccaneers 
McCollum left the game in the first half, and after being evaluated for a conc‚Ä¶ https://t.co/Qp5imX8OP4"
455,"#JeffOkudah - #DetroitLions
Okudah was ruled out of the game against the New York Giants after a violent collision‚Ä¶ https://t.co/0hRCYqh8aZ"
456,"@Richard99366022 @RonSwanson145 @URCOfficial I‚Äôve followed it for a few years, even before the high profile names c‚Ä¶ https://t.co/TKjp1CJZbc"
457,@saxlivesmatter @SteveInmanUIC ok. i thought u were lying and  it looks like i was correct. if u really knew u woul‚Ä¶ https://t.co/YWdxKcCzyh
458,@guudvibesssonly @NFL I‚Äôve literally said he is having a good season and he is a good serviceable QB. But my point‚Ä¶ https://t.co/jBZkiEfiLi
459,@Schmeelk @HBBlade Nice point Matthew. So with the increase of concussions (in 'soccer' but particularly rugby and‚Ä¶ https://t.co/NrpmsCTam4
460,"Matthew Stafford Concussion: NFLPA Investigating Rams QB‚Äôs Status https://t.co/pt9botjag3 

#MatthewStafford  #NFLconcussion  #NFLprotocols"
461,"How do engineers improve #concussion research? They work together. Earlier this year, the @NFL supported a gatherin‚Ä¶ https://t.co/TgLsJAJlI4"
462,It‚Äôs a travesty that @Bengals haven‚Äôt ruled Mixon out this week after suffering a concussion. Head injuries take ti‚Ä¶ https://t.co/7X7efEvXT6
463,@RonSwanson145 @leyton0011 @URCOfficial 2005 was the first CTE with Mike Webster in the NFL. Punch drunk syndrome i‚Ä¶ https://t.co/nN3sAs0XcZ
464,@ByKimberleyA @GetUpESPN @FirstTake Damn. ESPN has a more strict concussion protocol than the NFL.
465,Samaje Perine is $5600 on DK this week. If Joe Mixon doesn't clear the concussion protocol he'll likely see the bul‚Ä¶ https://t.co/SAHuIwaWcI
466,"Matthew Stafford lands in concussion protocol again
#Jersey #MLB #NFL #NBA #NHL #NCAA #baseball #Americanfootball‚Ä¶ https://t.co/KycOcOttff"
467,Herschel walker is why the NFL has concussion protocol
468,Lions add Jonah Jackson (concussion) to injury report https://t.co/87IZo9GItW
469,@Chukwu77 @elonmusk @BusinessInsider You mean the contract that says he doesn‚Äôt own a piece of @Twitter? Too bad th‚Ä¶ https://t.co/NGJSA5XvcY
470,Pro Bowl LG Jonah Jackson will miss Thanksgiving game with a concussion #YahooSports #NFL https://t.co/vigioUDiYV
471,@erikschlitt I am a fan of the NFL's increased emphasis on more stringent concussion protocols. Might the league ch‚Ä¶ https://t.co/3YB46y6Ehj
472,@NFL U gotta give it to the concussion kid
473,@UnusuallyGirthy @NFL I‚Äôm an eagles fan and they‚Äôre undefeated with Tua if you dismiss the Bengals concussion game‚Ä¶ https://t.co/H5sjsCsUlb
474,@JayMotty Makes already zero sense for Walker to run for Senate with his brain being not in a good place (concussio‚Ä¶ https://t.co/C1wpbc07x9
475,Rams mum on Matthew Stafford (concussion) status #numberFire #NFL #DFS #FanDuel #DraftKings https://t.co/DF2RJnNsi6
476,@WinstonSyme4 @unclephillyL @SteveInmanUIC Good grief. Just a good ol fashion concussion.  Nfl has them all the time
477,@janlong222 @Justsmackit Not even remotely surprising. He played before the NCAA and NFL instituted concussion protocols.
478,"@NFL The person after Two Head Concussion back-to-back and came back as a Winner and No Interceptions last 4 Games! 
TUA!"
479,"Jury decided in favor of the NCAA in concussion case involving late USC LB.

https://t.co/GWzqTfFlGY"
480,Rams mum on Matthew Stafford (concussion) status https://t.co/yFXb45MAQD
481,The NFL would‚Äôve thrown me in the concussion protocol the way I hit my head on a shelf earlier
482,@sportsk33333 That was brutal. Losing Darrisaw at Left Tackle hurts. He was graded best LT in NFL before his concus‚Ä¶ https://t.co/BTt5EZZHZV
483,Lions add Jonah Jackson (concussion) to injury report https://t.co/f75qdhCpkY
484,@theqbschool @NFL_DougFarrar Maybe the guard had a concussion after fields threw a ball at his helmet?   I don‚Äôt ev‚Ä¶ https://t.co/VlE96rXudA
485,Lions add Jonah Jackson (concussion) to injury report https://t.co/XfaVIbFYTC
486,"Detroit Lions OG Jonah Jackson in concussion protocol, likely out vs. Buffalo Bills https://t.co/GClsvxQjYm"
487,"Detroit Lions OG Jonah Jackson in concussion protocol, likely out vs. Buffalo Bills #YahooSports #NFL https://t.co/1dULBP1CSU"
488,Mahomes but it would be Tua if he never missed time with a concussion https://t.co/1L8vQpoGZp
489,@Coledrigeszn @NFL So how do define most valuable player? If not his stats maybe the fact the team went 0-3 when he‚Ä¶ https://t.co/iftqpcrIIw
490,@Schmeelk Does the NFL keep stats on ACL injuries? Concussion is understandably a big issue as it can affect player‚Ä¶ https://t.co/4qKCdd1WPG
491,"@guudvibesssonly @NFL People don‚Äôt understand this. Idgaf what mahomes does this season, if TUa comes back from the‚Ä¶ https://t.co/sPca5Df2b7"
492,"Matthew Stafford Concussion: NFLPA Investigating Rams QB‚Äôs Status https://t.co/KXlxHcBx4r 

#MatthewStafford‚Ä¶ https://t.co/5EfDfKrayo"
493,@realDailyWire She needs to go under something like the NFL concussion protocol. Republicans are playing political‚Ä¶ https://t.co/vJ18qOvB5E
494,"Matthew Stafford Concussion: NFLPA Investigating Rams QB‚Äôs Status https://t.co/7L7GCwVRsc 

#MatthewStafford  #NFLconcussion  #NFLprotocols"
495,@MattTyrannyNBA @BarstoolBigCat Comments will blow over like every NFL story that we pretend is a big deal like the‚Ä¶ https://t.co/TON4S804nW
496,"Interesting that from a medical standpoint, pro sports leaders are noncommittal on the link of repetitive hits to‚Ä¶ https://t.co/TEww3evDvn"
497,#Rams haven't announced it yet but Matthew Stafford is reportedly back in the NFL's concussion protocol.‚Ä¶ https://t.co/kmUQafKQuX
498,Our weekly review of how the local players in the NFL fared: Rookie Cole Turner returned to action a little less th‚Ä¶ https://t.co/wzB9tQZGDX
499,The NFL media survives off drama because the season as a whole is never that exciting. We had the Tua concussion co‚Ä¶ https://t.co/N2D4jSIEUi